Data,Salinidade WE2,Temperatura WE2 ºC,pH WE2,Alcalinidade WE2 (mg/L),NH3-N WE2 (mg/L),NO2 WE2 (mg/L),λ400 WE2  (%Tras),λ500 WE2 (%Tras),Mortality WE2
1/1/2018,35,19.6,8.10,,0.32,0.114,97.8,99.6,159
1/2/2018,35,20.0,08.09,,0.56,0.134,100.9,99.4,86
1/3/2018,35,20.0,8.11,,0.44,0.149,100.2,100.5,169
1/4/2018,35,19.8,8.10,,0.23,0.077,91.3,92.6,56
1/5/2018,35,20.0,8.12,,0.63,0.159,101.9,99.9,21
1/6/2018,36,20.2,8.15,,0.34,0.107,111.7,100.5,89
1/7/2018,36,19.9,8.15,,0.35,0.107,99.7,100.5,113
1/8/2018,36,19.2,8.13,,0.38,0.143,94.9,96.0,59
1/9/2018,36,18.8,8.15,,0.53,0.034,96.7,98.8,16
1/10/2018,36,19.8,8.13,,0.97,0.124,92.2,96.4,42
1/11/2018,36,19.8,8.12,,0.52,0.193,97.8,98.0,103
1/12/2018,36,19.3,8.16,,0.22,0.07,104,105,56
1/13/2018,36,20.0,8.17,,0.10,0.002,96.3,98.1,38
1/14/2018,36,19.5,8.15,,0.34,0.088,97.5,98.4,19
1/15/2018,36,18.9,8.12,,0.22,0.055,98.5,101.0,9
1/16/2018,36,20.4,8.14,,0.29,0.139,99.1,97.7,29
1/17/2018,36,19.9,8.15,,0.19,0.103,103.8,101.7,23
1/18/2018,35,19.3,8.12,,0.42,0.078,95.0,97.4,25
1/19/2018,36,19.7,8.12,,0.40,0.095,98.0,100.7,36
1/20/2018,36,20.2,08.08,,0.46,0.122,98.4,99.0,35
1/21/2018,36,20.1,08.08,,0.45,0.184,95.1,97.6,46
1/22/2018,36,19.5,8.10,,0.42,0.206,90.2,96.0,38
1/23/2018,36,20.1,8.12,,0.37,0.123,105.4,103.0,74
1/24/2018,36,20.0,08.09,,0.71,0.179,97.2,98.7,74
1/25/2018,36,20.2,08.09,,0.50,0.181,95.3,97.0,68
1/26/2018,36,20.1,8.10,,0.53,0.185,96.4,97.9,241
1/27/2018,37,19.3,08.08,,0.88,0.184,91.1,94.9,253
1/28/2018,37,19.6,08.06,,0.39,0.159,94.7,95.7,171
1/29/2018,37,19.6,08.07,,0.33,0.226,93.6,95.9,226
1/30/2018,36,18.4,08.03,,0.42,0.214,95.8,98.2,765
1/31/2018,36,19.8,8.10,,0.28,0.157,94.3,97.5,532
2/1/2018,36,19.8,08.07,,0.42,0.192,87.1,93.8,229
2/2/2018,36,20.2,8.12,,0.43,0.192,102.4,101.8,160
2/3/2018,36,19.2,8.11,,0.26,0.093,118.5,112.7,24
2/4/2018,36,19.8,8.12,,0.26,0.136,98.4,99.8,31
2/5/2018,36,19.4,8.13,,0.27,0.114,97.8,99.8,43
2/6/2018,37,18.2,08.09,,0.32,0.112,98.2,99.8,73
2/7/2018,37,19.8,8.11,,0.19,0.105,98.2,99.2,35
2/8/2018,37,19.7,8.15,,0.26,0.093,101.0,100.3,83
2/9/2018,36,20.1,8.20,,0.24,0.059,100.8,102.0,20
2/10/2018,37,19.9,8.19,,0.12,0.038,96.4,97.8,136
2/11/2018,36,19.5,8.23,,0.10,0.056,96.2,97.6,68
2/12/2018,37,19.5,8.20,,0.21,0.080,101.0,101.9,37
2/13/2018,37,19.5,8.19,,0.16,0.041,95.9,97.0,29
2/14/2018,37,19.9,8.16,,0.21,0.071,95.8,97.4,40
2/15/2018,36,20.1,08.05,,0.12,0.092,93.7,96.3,55
2/16/2018,35,19.8,8.19,,0.26,0.064,100.6,100.7,39
2/17/2018,35,19.9,8.18,,0.11,0.101,99.4,100.8,43
2/18/2018,36,19.6,8.14,,0.36,0.085,95.7,98.4,53
2/19/2018,36,19.7,8.14,,0.27,0.109,97.3,98.9,64
2/20/2018,36,20.2,8.11,,0.45,0.188,96.3,97.9,86
2/21/2018,36,20.0,8.13,,0.57,0.171,92.9,96.6,99
2/22/2018,36,19.9,08.07,,0.33,0.187,98.0,98.9,99
2/23/2018,36,19.9,8.1,,0.38,0.147,100.8,98.1,79
2/24/2018,36,19.6,08.08,,0.44,0.152,95.9,97.7,103
2/25/2018,36,19.2,08.03,,0.32,0.185,96.2,97.7,74
2/26/2018,37,19.6,08.07,,0.50,0.231,92.3,95.4,114
2/27/2018,37,19.9,08.09,,0.63,0.201,95.7,97.3,149
2/28/2018,36,19.8,8.14,,0.53,0.179,98.4,99.0,115
3/1/2018,35,19.8,8.12,,0.37,0.128,96.8,99.2,103
3/2/2018,35,20.2,8.16,,0.35,0.096,100.8,102.0,67
3/3/2018,35,20.1,08.09,,0.47,0.196,95.0,97.3,55
3/4/2018,34,19.4,08.04,,0.54,0.256,94.3,97.0,33
3/5/2018,33,19.6,8.10,,0.59,0.311,96.1,98.3,14
3/6/2018,34,19.9,8.27,,0.30,0.072,99.5,99.8,25
3/7/2018,35,19.7,8.24,,0.24,0.081,95.8,97.2,57
3/8/2018,32,19.8,8.23,,0.40,0.095,94.7,97.4,113
3/9/2018,32,20.2,8.25,,0.34,0.092,94.7,96.3,199
3/10/2018,34,19.9,8.26,,0.19,0.086,98.7,101.2,42
3/11/2018,34,19.8,8.27,,0.35,0.084,96.0,98.3,27
3/12/2018,34,20.0,8.25,,0.53,0.062,99.0,100.5,25
3/13/2018,34,20.2,8.22,,0.61,0.107,95.6,97.9,19
3/14/2018,31,20.1,8.26,,0.53,0.112,94.2,96.3,15
3/15/2018,32,19.6,8.26,,0.16,0.088,96.6,97.6,14
3/16/2018,32,19.5,8.24,,0.53,0.070,97.1,97.9,17
3/17/2018,33,19.2,8.20,,0.52,0.107,98.4,101.0,20
3/18/2018,31,19.4,8.17,,0.75,0.151,87.0,97.8,25
3/19/2018,31,19.2,8.16,,0.55,0.145,94.8,95.9,22
3/20/2018,35,19.5,8.17,,0.65,0.141,100.6,99.1,26
3/21/2018,37,19.3,8.17,,0.70,0.113,96.9,97.6,31
3/22/2018,37,18.8,8.11,,0.70,0.147,92.2,95.6,118
3/23/2018,37,19.4,8.12,,0.61,0.147,92.9,95.3,37
3/24/2018,35,19.9,8.12,,0.71,0.254,90.4,93.6,35
3/25/2018,35,19.8,8.1,,0.94,0.191,90.3,94.5,73
3/26/2018,36,19.3,08.08,,0.98,0.236,91.8,94.0,50
3/27/2018,36,19.8,8.13,,0.84,0.183,96.1,98.8,149
3/28/2018,36,20.0,8.12,,0.77,0.237,91.9,94.2,168
3/29/2018,36,20.1,08.08,,0.94,0.211,90.8,92.9,193
3/30/2018,36,19.9,08.07,,0.98,0.240,92.8,95.1,280
3/31/2018,34,19.9,8.10,,1.00,0.250,99.2,99.9,340
4/1/2018,34,19.8,08.09,,0.93,0.213,95.7,96.6,411
4/2/2018,32,19.7,8.13,,0.85,0.305,95.7,98,1048
4/3/2018,31,19.9,8.12,,0.77,0.294,94.1,95.8,928
4/4/2018,32,19.8,7.93,,0.70,0.308,94.9,92.1,992
4/5/2018,33,19.5,8.19,,0.55,0.248,94.9,97.0,413
4/6/2018,32,20.0,8.23,,0.42,0.175,98.5,99.8,637
4/7/2018,33,19.3,8.30,,0.00,0.085,96.8,97.7,43
4/8/2018,33,19.9,8.30,,0.24,0.100,97.4,98.7,46
4/9/2018,33,19.5,8.27,,0.38,0.056,59.6,71.7,73
4/10/2018,35,20.3,8.23,,0.52,0.217,95.6,97.6,175
4/11/2018,35,19.7,8.22,,0.51,0.116,98.3,99.5,83
4/12/2018,35,19.7,8.20,,0.69,0.224,98.0,99.3,97
4/13/2018,34,19.7,8.20,,0.37,0.062,100.1,102.2,50
4/14/2018,33,18.0,8.21,,0.61,0.119,98.2,98.5,46
4/15/2018,33,19.8,8.20,,0.64,0.175,97.5,98.1,40
4/16/2018,32,19.8,8.16,,0.69,0.183,93.6,96.1,36
4/17/2018,32,20.0,8.22,,0.58,0.188,94.3,96.4,31
4/18/2018,31,20.0,8.12,,0.58,0.171,93.2,94.6,20
4/19/2018,30,20.1,8.14,,0.53,0.176,96.5,98.9,40
4/20/2018,32,19.9,8.19,,0.40,0.185,93,96.1,60
4/21/2018,34,20.0,8.23,,0.58,0.131,84.8,98.3,47
4/22/2018,35,20.1,8.21,,0.67,0.137,96.9,98.5,34
4/23/2018,35,20.0,8.20,,0.87,0.142,98.4,98.1,12
4/24/2018,35,20.2,8.16,,0.65,0.161,98.2,99.4,114
4/25/2018,35,20.1,08.06,,0.60,0.208,98.1,99.1,131
4/26/2018,35,20.0,08.07,,0.73,0.240,95.6,96.2,105
4/27/2018,35,20.0,08.07,,0.73,0.331,96.5,97.5,175
4/28/2018,36,19.9,8.12,,0.61,0.238,99.4,101.2,267
4/29/2018,36,19.8,8.18,,0.54,0.247,102.0,102.7,410
4/30/2018,36,20.0,08.07,,0.86,0.334,96.2,98.10,785
5/1/2018,36,19.8,8.11,,0.65,0.387,99.9,101.9,886
5/2/2018,35,19.8,08.09,,0.78,0.397,97.4,98.2,620
5/3/2018,35,19.8,08.04,,0.45,0.441,96.4,98.5,886
5/4/2018,35,19.9,08.04,,0.45,0.385,97.0,98.1,904
5/5/2018,35,20.0,8.15,,0.38,0.271,97.1,99.5,1471
5/6/2018,36,20.1,8.17,,0.46,0.254,92.9,94.6,399
5/7/2018,36,20.0,8.12,,0.34,0.309,97.5,98.1,378
5/8/2018,36,20.2,8.12,,0.46,0.342,96.7,98.3,187
5/9/2018,35,19.9,8.12,,0.33,0.278,98.4,100.1,172
5/10/2018,36,20.0,8.19,,0.39,0.153,96.1,97.8,54
5/11/2018,35,19.9,8.23,,0.16,0.116,97.3,98.3,44
5/12/2018,36,19.8,8.31,,0.28,0.169,100.9,101.4,93
5/13/2018,36,19.9,8.24,,0.29,0.161,103.8,101.0,73
5/14/2018,35,19.8,8.28,,0.55,0.215,97.5,99.2,107
5/15/2018,35,19.8,8.30,,0.35,0.100,101.7,102.8,64
5/16/2018,35,20.0,8.23,,0.46,0.240,99.5,100.0,61
5/17/2018,36,19.9,8.21,,0.46,0.237,98.1,100.4,60
5/18/2018,36,20.1,8.24,,0.40,0.216,97.8,99.0,71
5/19/2018,36,20.4,8.23,,0.68,0.303,97.1,98.5,46
5/20/2018,36,20.0,8.18,,0.46,0.217,89.8,93.6,49
5/21/2018,36,20.1,8.21,,0.45,0.198,97.9,99.4,36
5/22/2018,35,20.0,8.25,,0.40,0.179,89.2,99.6,88
5/23/2018,34,20.4,8.19,,0.44,0.339,98.5,93.6,86
5/24/2018,35,20.4,7.44,,0.41,0.124,93.0,95.9,58
5/25/2018,35,19.9,7.50,,0.46,0.147,98.7,101.2,68
5/26/2018,35,20.2,7.49,,0.42,0.152,98.9,99.7,69
5/27/2018,35,20.1,7.49,,0.45,0.192,97.9,99.4,71
5/28/2018,35,20.1,7.48,,0.56,0.478,94.8,96.8,71
5/29/2018,35,19.9,7.44,,0.36,0.192,95.2,97.8,42
5/30/2018,35,20.1,7.47,,0.77,0.198,95.1,93.7,48
5/31/2018,35,20.2,07.03,,0.66,0.221,100.5,99.8,70
6/1/2018,35,20.1,7.48,,0.61,0.178,100.8,101.1,42
6/2/2018,35,20.3,7.46,,1.31,0.248,92.5,95.5,41
6/3/2018,35,19.8,7.48,,0.61,0.229,90.7,92.9,65
6/4/2018,35,20.2,7.43,,0.57,0.289,94.3,97.7,36
6/5/2018,35,20.0,7.42,,0.67,0.253,95.1,96.3,107
6/6/2018,35,20.0,7.43,,0.86,0.551,99.1,100.3,125
6/7/2018,35,20.0,7.45,,1.22,0.453,95.0,94.7,169
6/8/2018,35,19.6,7.47,,1.13,0.150,90.7,97.4,97
6/9/2018,35,20.2,7.47,,0.43,0.197,97.3,100.4,254
6/10/2018,34,20.0,7.48,,0.56,0.216,95.1,98.2,96
6/11/2018,35,19.4,7.48,,0.42,0.169,94.1,96.4,131
6/12/2018,35,20.0,7.52,,0.72,0.123,101.2,102.3,81
6/13/2018,35,20.2,7.49,,0.71,0.141,90.5,93.5,211
6/14/2018,35,20.1,7.54,,0.32,0.049,100.6,98.1,79
6/15/2018,35,20.2,7.54,,0.5,0.35,97.4,100.2,80
6/16/2018,35,20.0,7.54,,0.35,0.067,94.8,96.9,27
6/17/2018,35,20.2,7.47,,0.15,0.088,94.6,96.6,23
6/18/2018,34,19.8,7.48,,0.42,0.123,100.0,100.7,21
6/19/2018,34,20.8,7.52,,0.34,0.110,101.3,99.5,9
6/20/2018,34,21.0,7.53,,0.34,0.108,98.8,100.8,15
6/21/2018,34,21.2,7.52,,0.35,0.203,99.9,100.7,12
6/22/2018,35,21.0,7.53,,0.29,0.191,96.0,101.3,11
6/23/2018,35,21.0,7.54,,0.27,0.130,96.0,98.7,26
6/24/2018,34,21.3,7.52,,0.40,0.127,97.6,99.2,19
6/25/2018,35,20.9,7.36,,0.52,0.139,100,98.5,45
6/26/2018,34,20.9,7.56,,0.54,0.069,94.7,97.4,21
6/27/2018,35,20.0,7.52,,0.47,0.161,101.5,101.4,35
6/28/2018,35,20.5,7.51,,0.41,0.133,99.5,100.6,43
6/29/2018,35,20.6,7.51,,0.42,0.192,101.6,101.6,59
6/30/2018,35,20.8,7.49,,0.45,0.198,94.9,96.9,48
7/1/2018,35,20.0,7.48,,0.91,0.183,95.6,97.8,45
7/2/2018,35,,7.43,,0.48,0.181,94.9,96.4,42
7/3/2018,33,20.2,7.47,,0.64,0.236,94.8,96.1,80
7/4/2018,35,20.4,7.51,,0.47,0.131,98.7,100.3,64
7/5/2018,33,20.8,7.67,,0.86,0.126,104.1,102.8,45
7/6/2018,35,20.8,7.59,,0.23,0.058,100.5,101.1,24
7/7/2018,35,20.9,7.36,,0.17,0.083,97,98.7,42
7/8/2018,35,21.4,7.56,,0.38,0.071,96.5,97.8,18
7/9/2018,35,20.9,7.59,,0.10,0.024,93.4,96.2,12
7/10/2018,34,21.2,7.65,,0.16,0.078,98.5,99.5,21
7/11/2018,35,21.6,7.63,,0.17,0.083,95.8,98.5,12
7/12/2018,36,21.7,7.62,,0.3,0.076,95.7,97.5,47
7/13/2018,35,20.9,7.7,,0.03,0.061,98.6,99.4,17
7/14/2018,34,21.2,7.67,,0.48,0.085,95.8,97.9,16
7/15/2018,35,21.3,7.66,,0.18,0.035,101.4,100.8,25
7/16/2018,33,21,7.66,,0.18,0.054,99,100.6,19
7/17/2018,34,20.6,7.63,,0.15,0.055,98,99.3,32
7/18/2018,35,20.9,7.62,,0.3,0.074,98.7,99.1,49
7/19/2018,35,21,7.57,,0.33,0.071,97.8,99.1,24
7/20/2018,35,20.7,7.58,,0.43,0.084,98.3,99.5,29
7/21/2018,35,20.6,7.55,,0.48,0.109,98.5,100.5,15
7/22/2018,35,20.8,7.54,,0.43,0.091,96.6,98.5,13
7/23/2018,35,20.9,7.5,,0.88,0.127,96.3,98.2,25
7/24/2018,35,20.8,7.56,,0.32,0.102,96.2,97.9,19
7/25/2018,35,20,7.54,,0.5,0.098,96.7,97.9,10
7/26/2018,35,21,7.56,,0.42,0.122,96,97.8,33
7/27/2018,35,20.3,7.52,,0.46,0.089,96.1,97.7,24
7/28/2018,35,21.1,7.55,,0.46,0.073,98,99.3,23
7/29/2018,35,21,7.56,,0.48,0.092,96.7,98,19
7/30/2018,35,21.4,7.54,,0.34,0.12,97.7,99.2,37
7/31/2018,35,21.5,7.51,,0.57,0.119,97.9,99,71
8/1/2018,35,20.8,7.55,,0.39,0.064,97.6,98.8,68
8/2/2018,35,21,7.57,,0.38,0.061,99,100.2,48
8/3/2018,35,21,7.54,,0.28,0.056,98,99.0,26
8/4/2018,35,21.3,7.53,,0.76,0.088,98.8,99.8,39
8/5/2018,35,21.7,7.52,,0.52,0.073,96.6,98.1,28
8/6/2018,35,21.6,7.56,,0.4,0.131,97.1,99.2,29
8/7/2018,35,21.2,7.58,,0.24,0.07,99.4,100,15
8/8/2018,35,21,7.6,,0.19,0.069,102.7,101.2,15
8/9/2018,35,21.4,7.6,,0.45,0.058,96.8,98.4,19
8/10/2018,35,20.0,7.6,,01.05,0.065,99.1,98.2,49
8/11/2018,35,20.1,7.6,,0.18,0.07,101.1,101.5,12
8/12/2018,35,20.3,7.57,,0.22,0.07,98,99.2,9
8/13/2018,35,20.2,7.59,,0.4,0.03,93.4,97,16
8/14/2018,35,21,7.56,,0.16,0.077,97.2,98.6,26
8/15/2018,35,20.4,7.54,,0.29,0.066,96.7,98.4,25
8/16/2018,35,20.8,7.47,,01.03,0.095,89.3,91.8,15
8/17/2018,36,20.9,7.55,,0.23,0.082,71.7,94.9,15
8/18/2018,36,20.7,7.5,,0.34,0.071,98.1,100.1,25
8/19/2018,36,20.3,7.53,,0.33,0.061,98.1,99.4,21
8/20/2018,36,20.5,7.37,,0.62,0.065,99,99.4,31
8/21/2018,36,21.2,7.48,,0.15,0.043,99.2,100.1,8
8/22/2018,36,21.5,7.5,,0.37,0.077,97.4,99.8,11
8/23/2018,36,21.2,7.54,,0.33,0.094,96.8,99.2,16
8/24/2018,36,21.1,7.36,,0.37,0.092,100.3,101.2,40
8/25/2018,36,21,7.37,,0.39,0.05,95.1,97.3,85
8/26/2018,36,19.9,7.7,,0.46,0.023,97.6,100,33
8/27/2018,36,21,7.23,,0.89,0.205,98.6,98.5,28
8/28/2018,36,20.1,7.1,,0.39,0.15,96.6,98.5,80
8/29/2018,36,20.3,7.57,,0.49,0.15,98,99.5,60
8/30/2018,36,20.8,7.75,,0.13,0.045,100.3,100.3,28
8/31/2018,36,21.1,7.48,,0.17,0.053,97.2,98.9,19
9/1/2018,35,21.5,7.5,,0.28,0.089,98.7,99.8,102
9/2/2018,35,21.5,7.44,,0.51,0.091,97.2,98.6,17
9/3/2018,36,21.5,7.41,,0.09,0.137,100,100,8
9/4/2018,36,21,7.41,,0.36,0.091,97.9,99.3,3
9/5/2018,36,21,7.4,,0.20,0.05,92.9,99.4,11
9/6/2018,37,21.2,7.42,,0.31,0.085,97.7,98,3
9/7/2018,36,20.5,7.54,,0.26,0.077,96.7,98.1,17
9/8/2018,36,21.3,7.53,,0.58,0.081,96.9,97.9,3
9/9/2018,35,20.6,7.55,,0.31,0.099,98.7,100,3
9/10/2018,35,21.3,7.54,,0.28,0.076,100,102.6,6
9/11/2018,35,20.6,7.54,,0.32,0.098,99.5,100.0,17
9/12/2018,35,21,7.58,,0.27,0.088,98.3,99,3
9/13/2018,35,20.9,7.53,,0.30,0.093,97.2,98.5,13
9/14/2018,35,20.5,7.55,,0.29,0.091,99.3,99.2,9
9/15/2018,36,20.7,7.55,,0.49,0.12,99.6,99.7,8
9/16/2018,35,20.7,7.51,,0.42,0.096,96.8,98.2,19
9/17/2018,35,20.0,7.52,,0.27,0.066,99.1,99.9,17
9/18/2018,35,20.8,7.51,,0.36,0.011,98.5,98,10
9/19/2018,35,20.9,7.51,,0.40,0.015,98.9,101.8,8
9/20/2018,35,21.2,7.51,,0.27,0.030,96.2,98,27
9/21/2018,35,21.4,7.24,,0.36,0.107,97.2,98.7,34
9/22/2018,35,21.3,7.52,,0.33,0.090,103,105,26
9/23/2018,35,21.3,7.5,,0.28,0.104,102.8,102,10
9/24/2018,35,21.2,7.17,,0.27,0.059,97.4,98.7,23
9/25/2018,35,20.7,7.55,,0.33,0.122,99.7,100.7,35
9/26/2018,35,21.0,7.55,,0.30,0.089,99.3,100.4,69
9/27/2018,35,21.7,7.5,,0.36,0.121,97.7,98.8,39
9/28/2018,34,21.5,7.61,,0.42,0.146,97.4,98.9,16
9/29/2018,34,20.8,7.6,,0.49,0.103,98.5,100.2,35
9/30/2018,35,20.9,7.58,,0.21,0.102,98.3,99.6,9
10/1/2018,35,20.9,7.58,,0.48,0.104,98.1,99.7,9
10/2/2018,36,20.0,7.54,,0.50,0.119,96.3,97.4,14
10/3/2018,35,20.9,7.52,,0.32,0.110,96.3,97.7,17
10/4/2018,36,20.6,7.46,,0.31,0.113,96.9,98.7,5
10/5/2018,36,20.1,7.5,,0.32,0.127,98,99,34
10/6/2018,36,20.7,7.45,,0.27,0.149,99.6,99.8,30
10/7/2018,36,20.5,7.38,,0.37,0.166,97,97.6,26
10/8/2018,36,20,7.41,,0.86,0.294,94.3,97.3,20
10/9/2018,36,20.4,7.44,,0.49,0.192,97.8,99.6,18
10/10/2018,36,20.4,7.46,,0.32,0.172,96.3,98,15
10/11/2018,36,20.7,7.46,,0.40,0.224,98,98.5,14
10/12/2018,36,20.5,7.48,,0.48,0.255,98.9,99.5,12
10/13/2018,35,20.7,7.48,,0.65,0.274,97.4,98,27
10/14/2018,35,20.6,7.35,,0.56,0.325,95.4,97.8,18
10/15/2018,35,20.5,7.51,,0.56,0.328,95.1,97.6,9
10/16/2018,36,20.9,7.57,,0.38,0.144,96.4,97.3,11
10/17/2018,36,20.5,7.6,,0.45,0.054,96.5,98,8
10/18/2018,35,20.3,7.6,,0.27,0.034,96.9,99.4,8
10/19/2018,35,20.6,7.56,,0.15,0.046,98.2,99.8,40
10/20/2018,36,20.7,7.55,,0.24,0.053,96.9,98.1,43
10/21/2018,36,20.7,7.54,,0.31,0.067,104.0,104,10
10/22/2018,36,20.8,7.58,,0.20,0.068,96.3,98.9,8
10/23/2018,36,20.4,7.58,,0.12,0.027,98.8,99.5,17
10/24/2018,35,20.7,7.58,,0.11,0.021,99.6,99.9,22
10/25/2018,36,20.7,7.6,,0.19,0.024,98.2,99.5,2
10/26/2018,36,20.6,7.59,,0.07,0.019,100.5,100.5,3
10/27/2018,36,20.4,7.61,,0.15,0.021,106,106.2,9
10/28/2018,35,20.3,7.59,,0.12,0.022,97.2,98.7,16
10/29/2018,37,19.5,7.53,,0.21,0.034,97.2,98,18
10/30/2018,36,20.2,7.6,,0.36,0.027,101.8,101,18
10/31/2018,36,20.4,7.57,,0.20,0.036,97.7,99.1,13
11/1/2018,37,20.0,7.53,,0.15,0.028,94.6,96.4,19
11/2/2018,36,20.3,7.54,,0.15,0.043,100.1,101.6,19
11/3/2018,36,19.8,7.51,,0.35,0.038,98.8,99.7,14
11/4/2018,36,19.5,7.54,,0.36,0.042,97.2,98.7,17
11/5/2018,36,20.2,7.52,,0.29,0.053,96.5,98.8,14
11/6/2018,37,20.3,7.52,,0.30,0.048,99.3,100.7,14
11/7/2018,36,20.0,7.52,,0.07,0.057,98.5,99.5,7
11/8/2018,36,20.2,7.51,,0.47,0.057,99.2,99.7,12
11/9/2018,36,20,7.51,,0.16,0.053,98.3,99,18
11/10/2018,35,20.1,7.44,,0.22,0.073,100,99.8,19
11/11/2018,37,20.3,7.46,,0.28,0.078,102.5,105.4,20
11/12/2018,36,20.4,7.52,,0.13,0.042,97.5,98.8,10
11/13/2018,36,20,7.47,,0.25,0.092,98.6,99.6,8
11/14/2018,37,20.3,7.48,,0.28,0.115,97.1,98.7,15
11/15/2018,36,20.4,7.52,,0.39,0.121,99.6,99.9,40
11/16/2018,36,20.3,7.49,,0.28,0.068,102.9,101.5,61
11/17/2018,35,20.4,7.47,,0.23,0.072,100.1,100.3,19
11/18/2018,35,20.4,7.43,,0.28,0.087,98.2,98,10
11/19/2018,35,20.5,7.49,,0.24,0.095,98.4,98.6,7
11/20/2018,35,20.3,7.54,,0.34,0.077,97.9,99.1,65
11/21/2018,36,20,7.57,,0.07,0.042,99.4,100.1,16
11/22/2018,36,20.1,7.45,,0.29,0.031,98.6,100.2,5
11/23/2018,35,20.2,7.52,,0.26,0.042,97.1,98.5,9
11/24/2018,35,20.5,7.48,,0.38,0.055,97.9,99.4,143
11/25/2018,35,20.4,7.47,,0.24,0.066,96.3,98.1,28
11/26/2018,36,20.2,7.51,,0.21,0.067,97.9,98.8,13
11/27/2018,36,20.1,7.5,,0.28,0.070,99.2,99.9,45
11/28/2018,37,20.2,7.47,,0.23,0.050,96.7,98.1,33
11/29/2018,36,20.1,7.47,,0.24,0.054,96.3,98,20
11/30/2018,36,20.1,7.51,,0.25,0.056,98.4,99,7
12/1/2018,36,20.1,7.42,,0.40,0.060,99.5,108.4,22
12/2/2018,35,20.1,7.52,,0.27,0.074,97.6,99.5,19
12/3/2018,35,20.1,7.54,,0.23,0.082,97.6,99,4
12/4/2018,36,20.1,7.53,,0.36,0.080,96.1,98.9,25
12/5/2018,36,20.2,7.49,,0.35,0.080,101.3,101.3,30
12/6/2018,34,20.2,7.51,,0.24,0.081,95,96.4,8
12/7/2018,35,20.1,7.51,,0.37,0.129,96.8,97.8,53
12/8/2018,35,20.3,7.5,,0.20,0.071,101.3,100.7,35
12/9/2018,35,20.3,7.51,,0.69,0.069,97.8,97.8,21
12/10/2018,36,20.3,7.4,,0.22,0.064,96.9,97.6,24
12/11/2018,36,20.2,7.47,,0.28,0.079,95.7,97.5,19
12/12/2018,36,20.1,7.43,,0.24,0.080,96.3,98.2,23
12/13/2018,36,20.2,7.34,,0.26,0.093,96.5,98.1,27
12/14/2018,36,20.1,7.41,,0.40,0.089,98.4,99.5,22
12/15/2018,36,20.0,7.53,,0.20,0.088,96.7,98,51
12/16/2018,35,20.1,7.42,,0.32,0.082,98.6,99.7,41
12/17/2018,36,20.2,7.48,,0.33,0.085,96.8,98.2,14
12/18/2018,36,20.1,7.44,,0.28,0.058,96.3,98.1,38
12/19/2018,35,20.1,7.35,,0.22,0.066,98.8,99.8,66
12/20/2018,35,20.1,7.4,,,,,,33
12/21/2018,35,20.0,7.47,,0.27,0.033,99.2,100.3,16
12/22/2018,34,20.2,7.46,,0.55,0.184,99,99.7,79
12/23/2018,35,20.2,7.51,,0.30,0.053,98.1,99.5,40
12/24/2018,35,20.0,7.5,,0.25,0.059,99.2,101.1,20
12/25/2018,34,20.1,7.65,,0.24,0.053,97.6,98.8,27
12/26/2018,33,20.1,7.68,,0.35,0.058,96.6,98.4,30
12/27/2018,33,20.1,7.53,,0.33,0.055,98.9,99.3,35
12/28/2018,33,20.3,7.54,,0.24,0.068,97.0,98.1,61
12/29/2018,34,20.0,7.54,,0.26,0.071,97.5,99.1,63
12/30/2018,35,20.2,7.53,,0.21,0.078,96.4,98.3,54
12/31/2018,35,20.0,7.53,,0.36,0.077,96.6,97.4,141
1/1/2019,37,20.5,7.48,,0.33,0.082,97.4,98.6,138
1/2/2019,35,20.1,7.49,,0.37,0.105,93.0,96.6,140
1/3/2019,35,20.0,7.51,,0.49,0.034,97.2,98.4,103
1/4/2019,35,20.2,7.52,,0.25,0.085,99.9,101.9,239
1/5/2019,36,19.8,7.48,,0.26,0.101,102.8,103.2,391
1/6/2019,36,19.7,7.52,,0.28,0.108,95.6,98.0,182
1/7/2019,36,20.3,7.48,,0.39,0.138,94.3,96.7,68
1/8/2019,36,19.8,7.52,,0.5,0.115,96.4,98.1,232
1/9/2019,36,19.7,7.51,,0.39,0.096,96.5,96.8,174
1/10/2019,36,20.2,7.49,,0.88,0.132,95.4,97.7,164
1/11/2019,37,20,7.49,,0.32,0.121,95.7,97.8,94
1/12/2019,37,20.1,7.43,,0.37,0.110,99.8,99.9,44
1/13/2019,37,20,7.5,,0.47,0.121,98.3,99.7,47
1/14/2019,37,19.9,7.45,,0.38,0.102,95.3,97.7,50
1/15/2019,37,20.1,7.5,,0.49,0.160,96.7,98.2,72
1/16/2019,37,20.4,7.48,,0.34,0.128,101.8,102.2,45
1/17/2019,35,20,7.51,,0.65,0.171,95.0,97.2,34
1/18/2019,36,20.1,7.55,,0.4,0.138,97.2,98.1,46
1/19/2019,36,20,7.53,,0.62,0.097,97.7,98.8,112
1/20/2019,35,20,7.51,,0.2,0.078,96.3,99.8,61
1/21/2019,35,20,7.57,,0.32,0.100,98.5,100.1,32
1/22/2019,35,20.1,7.55,,0.26,0.071,98.2,99.2,103
1/23/2019,35,19.9,7.57,,0.29,0.084,97.8,99.1,61
1/24/2019,35,20,7.56,,0.11,0.048,97.0,99.5,43
1/25/2019,35,20.4,7.57,,0.25,0.048,97.9,99.5,74
1/26/2019,36,20.3,7.61,,0.13,0.039,99.0,100.0,57
1/27/2019,37,20.4,7.58,,0.21,0.040,96.5,98.6,54
1/28/2019,36,20.4,7.4,,0.5,0.042,98.6,99.1,62
1/29/2019,36,20.1,7.4,,0.19,0.045,98.5,100.2,171
1/30/2019,37,20.3,7.53,,0.37,0.048,98.6,99.6,41
1/31/2019,36,20.1,7.51,,0.19,0.046,98.8,98.8,65
2/1/2019,36,20.3,7.55,,0.31,0.053,99.1,100.0,66
2/2/2019,35,20.1,7.57,,0.59,0.043,99.7,100.2,116
2/3/2019,36,19.7,7.56,,0.48,0.045,97.9,97.2,179
2/4/2019,37,19.5,7.63,,0.24,0.051,99.2,100.0,34
2/5/2019,37,19.9,7.61,,0.05,0.018,98.6,100.1,112
2/6/2019,36,19.9,7.62,,0.17,0.041,97.8,98.9,49
2/7/2019,36,20.3,7.63,,0.17,0.031,96.8,98.2,92
2/8/2019,36,20.3,7.62,,0.37,0.036,99.0,99.9,56
2/9/2019,35,20.3,7.67,,0.07,0.034,98.7,99.9,123
2/10/2019,33,20.0,7.65,,0.32,0.035,96.8,98.4,20
2/11/2019,35,20.2,7.66,,0.22,0.044,97.2,99.4,28
2/12/2019,36,20.4,7.58,,0.26,0.030,97.9,99.7,22
2/13/2019,37,20.2,7.58,,0.22,0.030,98.1,99.2,20
2/14/2019,36,20.2,7.61,,0.17,0.023,100.2,100.7,18
2/15/2019,36,19.5,7.69,,0.03,0.029,98.5,100.4,27
2/16/2019,35,20.4,7.63,,0.22,0.028,98.4,102.7,30
2/17/2019,35,20.2,7.67,,0.36,0.035,99.4,100.3,21
2/18/2019,35,20.1,7.64,,0.2,0.031,97.7,98.8,16
2/19/2019,36,20.0,7.64,,0.03,0.019,99.0,99.3,10
2/20/2019,36,20.0,7.63,,0.49,0.023,98.0,100.1,11
2/21/2019,35,20.0,7.59,,0.05,0.020,100.2,100.4,15
2/22/2019,36,20.1,7.6,,0.24,0.023,99.3,101.0,5
2/23/2019,36,20.1,7.57,,0.2,0.022,97.8,98.8,15
2/24/2019,36,20.2,7.64,,0.09,0.024,96.6,98.2,14
2/25/2019,35,20,7.63,,0.22,0.022,100.2,100.9,49
2/26/2019,36,20.3,7.53,,0.35,0.025,97.6,99.4,46
2/27/2019,36,20.2,7.54,,0.31,0.024,99.5,100.8,28
2/28/2019,35,20.2,7.6,,0.19,0.025,98.8,99.7,73
3/1/2019,35,20.3,7.66,,0.43,0.030,98.9,99.6,145
3/2/2019,36,20.3,7.65,,0.85,0.024,100.0,100.3,48
3/3/2019,36,20.2,7.65,,0.32,0.030,98.2,100.1,43
3/4/2019,35,20.1,7.65,,0.86,0.028,98.2,99.7,38
3/5/2019,35,20,7.67,,0.19,0.037,99.9,99.7,61
3/6/2019,35,20.1,7.65,,0.15,0.036,98.4,99.3,18
3/7/2019,36,20.1,7.6,,0.64,0.043,98.5,99.4,58
3/8/2019,36,20,7.62,,0.56,0.060,100.0,100.4,7
3/9/2019,35,20.1,7.67,,0.24,0.053,98.7,100.6,20
3/10/2019,36,20.1,7.68,,0.27,0.048,99.3,99.6,22
3/11/2019,36,20.3,7.65,,0.49,0.052,98.7,99.8,18
3/12/2019,36,20.3,7.67,,0.52,0.065,97.2,99.8,29
3/13/2019,36,20.5,7.66,,0.41,0.067,100.7,101.6,21
3/14/2019,37,20,7.56,,0.21,0.061,98.1,98.5,13
3/15/2019,37,19.8,7.62,,0.67,0.073,99.3,100.0,19
3/16/2019,37,20.1,7.64,,0.55,0.046,99.3,101.6,35
3/17/2019,37,20.1,7.63,,0.3,0.044,93.2,99.5,29
3/18/2019,37,19.5,7.6,,0.45,0.043,97.5,98.7,14
3/19/2019,36,20.4,7.67,,0.52,0.053,98.7,100.0,53
3/20/2019,37,20.2,7.67,,0.12,0.035,99.5,100.5,23
3/21/2019,37,20.3,7.63,,0.32,0.038,97.8,98.2,38
3/22/2019,37,20.2,7.65,,0.34,0.038,97.1,98.3,39
3/23/2019,37,20.3,7.67,,0.21,0.047,97.2,98.0,23
3/24/2019,37,20,7.67,,0.13,0.031,96.5,98.2,16
3/25/2019,36,20.2,7.68,,0.03,0.013,98.8,99.3,7
3/26/2019,37,20.1,7.67,,0.16,0.032,99.9,99.8,19
3/27/2019,37,20,7.71,,,,,,51
3/28/2019,37,20,7.67,,,,,,53
3/29/2019,37,20,7.68,,0.2,0.018,98.2,98.9,31
3/30/2019,37,20.4,7.67,,0.43,0.025,110.2,108.3,16
3/31/2019,36,20.3,7.71,,0.43,0.013,98.6,99.7,28
4/1/2019,36,20.1,7.67,,0.23,0.022,98.2,98.9,10
4/2/2019,36,20,7.68,,0.12,0.027,107.4,106.7,71
4/3/2019,37,20.2,7.72,,0.19,0.025,96.8,97.9,31
4/4/2019,37,20,7.66,,0.21,0.028,95.8,97.2,22
4/5/2019,37,20.2,7.65,,0.2,0.034,97.5,98.5,33
4/6/2019,36,19.7,7.63,,0.18,0.025,99.7,101.0,26
4/7/2019,36,20.3,7.63,,0.13,0.036,97.7,99.0,25
4/8/2019,36,20.3,7.64,,0.35,0.040,98.9,99.2,25
4/9/2019,35,20.2,7.64,,0.43,0.041,98.3,99.1,43
4/10/2019,35,20.1,7.67,,0.51,0.033,98.7,99.4,8
4/11/2019,35,20.2,7.66,,0.21,0.037,97.7,98.7,29
4/12/2019,35,19.8,7.65,,0.43,0.057,96.3,97.6,44
4/13/2019,36,20.2,7.63,,0.18,0.027,97.9,98.9,14
4/14/2019,36,20.2,7.61,,0.12,0.028,98.7,99.7,22
4/15/2019,36,20.2,7.65,,0.99,0.048,100.0,101.0,18
4/16/2019,35,20.2,7.63,,0.11,0.047,121.5,117.4,30
4/17/2019,35,20.1,7.66,,0.22,0.047,100.2,100.9,35
4/18/2019,35,20.2,7.62,,0.12,0.027,101.9,103.6,33
4/19/2019,35,20.2,7.64,,0.13,0.043,100.4,100.1,37
4/20/2019,35,20.2,7.62,,0.15,0.053,104.4,104.8,37
4/21/2019,36,20.2,7.59,,0.12,0.052,101.2,101.8,38
4/22/2019,36,20.4,7.54,,0.23,0.060,99.9,99.9,33
4/23/2019,36,20.2,7.57,,0.33,0.064,97.7,98.8,13
4/24/2019,36,20.1,7.54,,0.2,0.076,98.7,99.9,35
4/25/2019,36,20.2,7.56,,0.38,0.068,98.6,99.4,56
4/26/2019,36,20,7.53,,0.24,0.068,100.2,101.0,22
4/27/2019,35,20.2,7.48,,0.38,0.069,98.3,99.0,50
4/28/2019,36,20,7.51,,0.14,0.074,99.4,100.0,40
4/29/2019,36,20.2,7.54,,0.29,0.076,98.8,99.6,23
4/30/2019,36,20.2,7.53,,0.19,0.068,98.8,99.6,17
5/1/2019,36,20.1,7.5,,0.32,0.088,99.8,100.6,33
5/2/2019,36,20.2,7.44,,0.29,0.097,99.3,100.0,17
5/3/2019,36,20,7.49,,0.2,0.107,98.0,99.1,17
5/4/2019,36,20.1,7.5,,0.38,0.120,98.6,99.5,49
5/5/2019,36,20.2,7.55,,0.4,0.136,97.2,98.6,106
5/6/2019,36,20.4,7.54,,0.44,0.137,97.5,98.8,27
5/7/2019,35,20.4,7.57,,0.39,0.130,99.3,100.1,28
5/8/2019,34,20.1,7.63,,0.26,0.074,98.3,98.9,146
5/9/2019,35,20.3,7.61,,0.25,0.078,98.4,99.0,102
5/10/2019,35,20.3,7.66,,0.12,0.061,97.7,99.0,46
5/11/2019,35,20,7.32,,0.13,0.078,99.7,100.8,76
5/12/2019,35,19.9,7.38,,0.41,0.068,92.7,94.5,54
5/13/2019,36,20.1,7.65,,0.23,0.075,97.7,98.7,13
5/14/2019,36,20.4,7.59,,0.2,0.088,98.7,100.8,38
5/15/2019,36,20.5,7.57,,0.33,0.103,97.0,98.3,57
5/16/2019,36,20.5,7.58,,0.43,0.099,96.8,97.9,11
5/17/2019,36,19.8,7.56,,0.14,0.054,97.9,99.0,43
5/18/2019,36,20.2,7.61,,0.3,0.061,98.7,99.3,42
5/19/2019,36,20,7.56,,0.25,0.062,97.0,98.1,34
5/20/2019,36,19.7,7.55,,0.18,0.068,94.7,96.6,22
5/21/2019,36,20.5,7.55,,0.07,0.065,98.3,99.0,46
5/22/2019,36,20.1,7.58,,0.07,0.055,98.4,99.2,39
5/23/2019,36,20.4,7.56,,0.32,0.067,100.1,101.4,37
5/24/2019,35,19.8,7.56,,0.29,0.077,98.6,100.0,25
5/25/2019,36,20,7.56,,0.4,0.071,95.6,97.2,26
5/26/2019,36,20,7.57,,0.31,0.077,98.1,99.2,11
5/27/2019,36,20.1,7.82,,0.2,0.067,96.1,97.8,22
5/28/2019,36,20.1,7.83,,0.78,0.077,91.7,93.9,30
5/29/2019,36,20,7.85,,0.34,0.081,96.2,97.9,40
5/30/2019,36,20.4,7.78,,0.4,0.091,93.9,95.8,25
5/31/2019,36,20.4,7.87,,0.45,0.097,99.8,100.4,33
6/1/2019,36,21.1,7.8,,0.3,0.093,96.9,98.2,78
6/2/2019,36,21.4,7.78,,0.25,0.049,96.8,98.4,47
6/3/2019,36,21.3,7.76,,0.5,0.105,96.9,98.2,29
6/4/2019,36,21.2,7.81,,0.65,0.104,97.5,98.6,22
6/5/2019,36,20.6,7.81,,0.48,0.111,95.7,97.4,37
6/6/2019,37,20,7.81,,0.29,0.095,96.7,97.9,91
6/7/2019,36,20.1,7.76,,0.34,0.108,97.3,98.7,75
6/8/2019,36,20.3,7.74,,0.59,0.115,100.6,100.8,125
6/9/2019,36,20.2,7.76,,0.64,0.124,100.3,100.9,63
6/10/2019,37,20.4,7.72,,0.69,0.138,96.6,98.4,59
6/11/2019,36,20.6,7.63,,0.75,0.159,94.4,96.4,70
6/12/2019,36,20.2,7.74,,0.75,0.129,98.8,99.8,91
6/13/2019,37,20.1,7.7,,0.57,0.153,95.7,97.3,113
6/14/2019,36,19.8,7.67,,0.57,0.153,96.5,97.9,192
6/15/2019,36,20.8,7.85,,0.42,0.095,99.0,98.8,198
6/16/2019,36,20.8,7.8,,0.28,0.084,97.5,98.6,205
6/17/2019,37,20.5,7.8,,0.48,0.094,92.7,95.6,214
6/18/2019,36,20.4,7.89,,0.33,0.063,98.1,98.9,189
6/19/2019,36,20.8,7.88,,0.15,0.044,98.1,98.8,217
6/20/2019,35,21.1,7.9,,0.22,0.048,97.9,98.8,128
6/21/2019,36,20.9,7.88,,0.19,0.043,98.8,99.3,146
6/22/2019,36,20.7,7.91,,0.27,0.044,98.4,99.5,139
6/23/2019,36,20.4,7.86,,0.23,0.051,97.7,98.8,69
6/24/2019,36,20.9,7.86,,0.24,0.047,96.6,97.5,131
6/25/2019,35,20.9,7.89,,0.18,0.054,97.6,98.5,121
6/26/2019,35,20.9,7.86,,0.29,0.064,98.0,98.9,115
6/27/2019,35,21.3,7.89,,0.35,0.076,97.0,98.3,70
6/28/2019,35,21.1,7.6,,0.38,0.089,98.1,98.9,163
6/29/2019,36,21.2,7.67,,0.72,0.110,96.5,98.0,94
6/30/2019,36,21.7,7.6,,0.87,0.169,94.9,97.0,159
7/1/2019,36,20.8,7.87,,0.69,0.090,96.9,97.8,103
7/2/2019,36,20.5,7.9,,0.31,0.047,94.6,95.9,67
7/3/2019,36,20.5,7.9,,0.2,0.044,100.1,100.7,365
7/4/2019,35,21.2,08.01,,0.1,0.016,99.7,100.0,36
7/5/2019,34,21.1,08.04,,0.01,0.012,99.0,99.5,17
7/6/2019,35,21,7.98,,0.19,0.015,98.1,99.1,111
7/7/2019,34,21,08.03,,0.03,0.015,97.3,98.3,50
7/8/2019,34,21,7.98,,0.08,0.018,98.5,99.1,102
7/9/2019,34,21.1,08.01,,0.54,0.020,99.0,99.5,45
7/10/2019,34,21.5,08.01,,0.02,0.018,100.2,100.6,69
7/11/2019,35,21.5,08.01,,0.16,0.022,97.2,97.8,48
7/12/2019,35,21.1,7.97,,0.07,0.019,99.9,100.5,36
7/13/2019,35,21.3,7.9,,0.07,0.016,95.7,97.0,38
7/14/2019,35,21,7.91,,0.08,0.016,99.2,99.5,36
7/15/2019,35,20.8,8,,0.37,0.020,99.8,100.2,29
7/16/2019,35,21.3,7.98,,0.22,0.027,97.3,98.2,78
7/17/2019,35,21.2,7.86,,0.18,0.033,98.9,99.2,37
7/18/2019,35,20.1,7.93,,0.13,0.030,100.1,100.7,81
7/19/2019,35,20.6,7.93,,0.21,0.032,98.8,99.5,59
7/20/2019,35,20.6,7.95,,0.53,0.037,99.3,99.6,38
7/21/2019,35,21,7.88,,0.43,0.034,97.6,98.2,45
7/22/2019,35,20.4,7.92,,0.23,0.036,98.5,99.4,30
7/23/2019,35,20.8,7.94,,0.11,0.034,98.4,99.4,16
7/24/2019,35,20.8,7.91,,0.33,0.041,98.9,99.6,45
7/25/2019,35,21.5,7.95,,0.14,0.052,96.7,97.9,15
7/26/2019,35,21.3,7.88,,0.17,0.061,98.9,99.7,28
7/27/2019,36,20.6,7.95,,0.01,0.052,103.0,104.0,19
7/28/2019,36,21.3,7.91,,0.31,0.053,95.5,97.4,14
7/29/2019,36,21.4,7.9,,0.1,0.066,94.1,95.9,5
7/30/2019,35,21.1,7.88,,0.57,0.074,95.7,97.5,14
7/31/2019,36,20.5,7.87,,0.42,0.082,98.1,99.1,25
8/1/2019,36,20.7,7.91,,0.71,0.089,98.5,99.3,11
8/2/2019,36,21.3,7.66,,0.57,0.095,98.5,99.7,67
8/3/2019,36,21,7.83,,0.47,0.084,98.8,100.2,49
8/4/2019,35,21.4,7.79,,1.97,0.100,96.1,97.9,29
8/5/2019,36,21.2,7.86,,0.54,0.095,97.8,99.3,9
8/6/2019,35,21.4,7.77,,0.36,0.093,95.4,96.6,25
8/7/2019,35,21.5,7.88,,0.31,0.076,97.6,98.6,29
8/8/2019,35,21.2,7.86,,0.19,0.048,98.8,99.7,98
8/9/2019,35,20.9,7.87,,0.35,0.049,97.2,98.2,35
8/10/2019,35,21.3,7.77,,0.18,0.052,98.0,99.4,46
8/11/2019,35,21.6,7.71,,0.61,0.068,104.1,104.6,48
8/12/2019,35,21.3,7.81,,0.55,0.082,96.1,97.7,19
8/13/2019,36,20.1,7.79,,0.87,0.068,99.5,100.3,20
8/14/2019,35,21.3,7.72,,0.58,0.049,97.7,98.7,44
8/15/2019,35,20.9,7.76,,0.55,0.038,98.0,98.6,47
8/16/2019,36,21.4,7.76,,0.41,0.045,97.8,98.7,9
8/17/2019,36,20.4,7.71,,0.1,0.017,100.1,100.7,188
8/18/2019,35,20.8,7.76,,0.16,0.027,99.6,99.9,27
8/19/2019,35,20.6,7.72,,0.34,0.035,98.5,99.3,12
8/20/2019,36,20.2,7.94,,0.36,0.060,99.2,99.9,39
8/21/2019,35,20.9,7.87,,0.11,0.053,99.7,100.3,88
8/22/2019,35,20.8,7.94,,0.17,0.059,99.0,99.8,75
8/23/2019,35,20.9,7.98,,0.48,0.030,99.7,100.4,70
8/24/2019,35,20.8,7.9,,0.35,0.072,95.8,97.0,33
8/25/2019,36,20.8,7.93,,0.31,0.073,99.0,100.1,26
8/26/2019,35,21.4,7.9,,0.9,0.081,98.0,98.8,58
8/27/2019,35,21,7.94,,0.28,0.081,97.8,98.2,79
8/28/2019,35,19.7,7.95,,0.29,0.051,100.0,100.0,99
8/29/2019,35,21,7.94,,0.14,0.078,96.8,98.1,43
8/30/2019,35,20,7.9,,0.54,0.100,96.8,98.0,64
8/31/2019,35,20.6,7.9,,0.7,0.094,97.6,98.5,106
9/1/2019,36,20.6,7.87,,0.92,0.110,95.4,97.1,120
9/2/2019,35,21,7.86,,0.38,0.126,98.1,99.0,74
9/3/2019,35,21.3,7.86,,0.88,0.147,100.5,100.8,130
9/4/2019,35,21.2,7.89,,0.25,0.100,96.4,98.1,91
9/5/2019,35,20.7,7.9,,01.03,0.096,96.8,97.7,62
9/6/2019,36,20.7,7.89,,0.66,0.069,97.2,98.4,167
9/7/2019,35,21,7.91,,0.19,0.059,97.3,98.6,137
9/8/2019,35,20.6,7.8,,0.06,0.062,97.2,98.3,41
9/9/2019,36,21,7.85,,0.14,0.085,100.2,100.8,41
9/10/2019,36,20.2,7.86,,0.28,0.077,97.7,99.1,153
9/11/2019,36,20.1,7.88,,01.01,0.074,99.1,100.0,79
9/12/2019,35,20.5,7.87,,0.22,0.092,98.1,99.1,92
9/13/2019,35,21.3,7.88,,0.38,0.098,98.5,100.1,46
9/14/2019,35,21,7.88,,0.68,0.117,99.9,100.3,78
9/15/2019,35,21.1,7.86,,0.6,0.117,99.8,100.6,131
9/16/2019,35,21.4,7.85,,0.56,0.134,95.4,97.1,61
9/17/2019,35,21,7.88,,0.23,0.075,99.0,99.8,33
9/18/2019,35,21,7.9,,0.33,0.084,98.3,99.5,69
9/19/2019,35,20.7,7.9,,0.1,0.090,96.0,97.4,139
9/20/2019,35,20.2,7.87,,0.33,0.073,98.0,99.3,122
9/21/2019,35,20.6,7.86,,0.65,0.080,92.3,94.1,87
9/22/2019,35,20.7,7.84,,0.43,0.082,105.9,106.2,107
9/23/2019,35,20.4,7.91,,0.36,0.084,94.7,96.8,43
9/24/2019,35,20.6,7.91,,0.37,0.106,96.5,97.8,55
9/25/2019,35,20.4,7.9,,0.3,0.050,99.2,99.8,74
9/26/2019,35,20.6,7.92,,0.12,0.060,98.3,99.0,53
9/27/2019,35,20.6,7.89,,0.15,0.060,99.1,99.8,37
9/28/2019,35,20,7.9,,0.12,0.056,98.6,99.6,58
9/29/2019,35,20.4,7.88,,0.08,0.065,98.5,97.6,38
9/30/2019,35,21.2,7.84,,0.33,0.086,99.3,100.5,19
10/1/2019,35,21.6,7.86,,0.71,0.093,99.6,100.3,24
10/2/2019,35,21.2,7.86,,0.42,0.077,95.9,97.2,18
10/3/2019,35,20.5,7.82,,0.47,0.066,97.7,98.7,41
10/4/2019,36,21.1,7.86,,0.3,0.080,98.6,99.2,46
10/5/2019,36,21,7.8,,0.45,0.092,98.5,99.3,22
10/6/2019,36,20.4,7.75,,0.39,0.117,98.7,99.6,16
10/7/2019,36,20.6,7.81,,0.27,0.140,100.2,100.7,18
10/8/2019,36,20.5,7.82,,0.23,0.075,100.8,101.2,55
10/9/2019,36,20.4,7.8,,0.38,0.073,96.8,98.3,54
10/10/2019,37,20.4,7.8,,0.22,0.069,97.6,98.4,51
10/11/2019,37,20.4,7.78,,0.4,0.081,100.1,100.4,107
10/12/2019,37,20.7,7.81,,0.32,0.078,98.1,99.0,38
10/13/2019,37,20.7,7.8,,0.27,0.072,98.2,98.9,53
10/14/2019,37,20.6,7.78,,0.2,0.074,93.5,95.1,63
10/15/2019,36,20.5,7.88,,0.54,0.041,98.0,98.8,109
10/16/2019,36,20.4,7.88,,0,0.045,99.5,100.1,103
10/17/2019,36,20.6,7.88,,0.32,0.045,101.2,100.9,89
10/18/2019,36,20.3,7.85,,0.15,0.061,97.7,98.0,212
10/19/2019,36,20,7.82,,0.66,0.072,103.8,104.1,292
10/20/2019,36,20.2,7.8,,0.3,0.074,98.9,99.9,320
10/21/2019,36,20.4,7.83,,0.21,0.049,96.2,97.9,191
10/22/2019,37,20.4,7.81,,0.83,0.059,98.3,99.9,282
10/23/2019,37,20.3,7.82,,0.39,0.057,98.5,99.4,264
10/24/2019,37,20.3,7.81,,0.17,0.031,98.2,99.1,192
10/25/2019,37,20.3,7.93,,0.36,0.036,97.5,98.5,114
10/26/2019,37,20.3,7.89,,0.25,0.029,96.2,97.4,52
10/27/2019,36,20.4,7.93,,0.36,0.047,97.2,98.5,45
10/28/2019,36,20.2,7.93,,0.15,0.049,98.6,98.9,22
10/29/2019,36,20.4,7.91,,0.2,0.039,98.6,99.1,58
10/30/2019,35,20.5,7.94,,0.2,0.043,98.3,99.0,167
10/31/2019,35,20.5,7.93,,0.49,0.046,98.0,98.8,202
11/1/2019,35,20.7,7.8,,0.19,0.057,99.0,99.4,84
11/2/2019,35,20.4,7.8,,0.19,0.051,98.2,99.2,55
11/3/2019,34,20.4,7.76,,0.18,0.085,97.8,98.9,29
11/4/2019,35,20.9,7.81,,0.65,0.098,96.9,98.0,41
11/5/2019,35,19.6,7.76,,0.36,0.083,97.7,98.7,207
11/6/2019,35,20.3,7.84,,0.47,0.038,99.4,99.8,40
11/7/2019,35,19.8,7.88,,0.53,0.041,100.0,100.3,51
11/8/2019,35,20,7.81,,0.01,0.041,100.0,100.5,30
11/9/2019,36,20.7,7.82,,0.29,0.029,99.3,100.3,50
11/10/2019,36,20.5,7.82,,0.27,0.022,98.6,99.3,24
11/11/2019,36,20.2,7.83,,0.08,0.022,99.4,99.7,10
11/12/2019,36,20.1,7.7,,0.46,0.033,98.6,99.4,397
11/13/2019,36,20.1,7.7,,0.46,0.032,101.7,101.6,212
11/14/2019,36,20.3,7.78,,0.27,0.039,97.1,98.6,92
11/15/2019,36,20.4,7.66,,0.45,0.038,99.0,99.6,106
11/16/2019,36,20,7.62,,0.18,0.033,98.1,98.9,77
11/17/2019,36,20,7.65,,0.16,0.034,96.9,97.7,61
11/18/2019,36,20.2,,,0.35,0.042,97.4,97.9,77
11/19/2019,36,20.1,7.5,,0.53,0.044,98.3,98.7,211
11/20/2019,36,20,7.5,,0.17,0.042,99.3,100.3,60
11/21/2019,36,20,7.48,,0.2,0.078,97.0,98.0,171
11/22/2019,36,20,7.5,,0.43,0.048,99.7,100.3,315
11/23/2019,35,20,7.53,,0.55,0.034,98.6,99.2,194
11/24/2019,36,20.4,7.53,,0.38,0.042,100.4,100.8,190
11/25/2019,36,20.1,7.5,,0.24,0.046,98.2,99.1,89
11/26/2019,35,20.1,7.52,,0.75,0.047,97.6,98.3,159
11/27/2019,35,20,7.52,,0.59,0.046,98.4,99.2,163
11/28/2019,35,20.3,7.54,,0.14,0.050,100.2,101.4,55
11/29/2019,35,20.5,7.35,,0.41,0.043,98.3,98.9,89
11/30/2019,35,20.3,7.52,,0.45,0.042,100.1,101.9,78
12/1/2019,33,20.1,7.54,,0.08,0.048,99.6,100.9,84
12/2/2019,35,19.2,7.51,,0.1,0.048,96.9,97.8,28
12/3/2019,35,18.8,7.53,,0.23,0.047,97.9,98.6,106
12/4/2019,36,19,7.5,,0.27,0.058,98.4,99.3,107
12/5/2019,35,18.9,7.26,,0.2,0.053,100.6,101.2,75
12/6/2019,35,20.3,7.27,,0.38,0.052,100.1,100.5,106
12/7/2019,36,20.6,7.25,,0.42,0.060,98.6,99.0,120
12/8/2019,37,20.4,7.23,,0.46,0.063,97.1,98.1,140
12/9/2019,35,20.8,7.26,,0.31,0.067,100.2,101.3,91
12/10/2019,35,20.2,7.22,,0.07,0.082,98.4,99.3,160
12/11/2019,35,20,7.46,,0.38,0.096,97.8,98.7,276
12/12/2019,,,,,,,,,
12/13/2019,,,,,,,,,
12/14/2019,,,,,,,,,
12/15/2019,,,,,,,,,
12/16/2019,,,,,,,,,
12/17/2019,,,,,,,,,
12/18/2019,,,,,,,,,
12/19/2019,,,,,,,,,
12/20/2019,,,,,,,,,
12/21/2019,,,,,,,,,
12/22/2019,,,,,,,,,
12/23/2019,,,,,,,,,
12/24/2019,,,,,,,,,
12/25/2019,,,,,,,,,
12/26/2019,,,,,,,,,
12/27/2019,,,,,,,,,
12/28/2019,,,,,,,,,
12/29/2019,,,,,,,,,
12/30/2019,,,,,,,,,
12/31/2019,,,,,,,,,